,diferencia_cambio_activos_pasivos,inversiones_asociadas_negocios,prueba_acida,margen_utilidad_neta,activos_por_derechos,rotacion_ctas_x_cobrar,rotacion_proveedores,patrimonio_atributable_controladoras,gastos_produccion,ingresos_financieros,razon_corriente,margen_utilidad_operacional,tasa_desempleo,costo_deuda_financiera,dividendos,gastos_venta,pasivo_por_impuesto_diferido,provisiones_no_corriente,propiedades_inversion,utilidad_periodo,impuestos_por_pagar_corriente,tasa_interes,pasivo_beneficios_empleados_corriente,roi,cobertura_deuda,pasivos_por_derecho_corriente,ciclo_caja,pasivo_beneficios_empleados_no_corriente,kwn,nivel_endeudamiento_corto_plazo,proveedores_cuentas_pagar_corriente,margen_utilidad_antes_impuestos,inflacion,participaciones_no_controladoras,ciclo_operacion,cobertura_intereses,participacion_asociadas_negocios,gastos_financieros,activo_por_impuesto_diferido,otros_activos_intangibles,otros_activos_corrientes,utilidad_antes_impuestos,proveedores_cuentas_pagar_no_corriente,utilidad_periodo_operaciones_continuadas,gastos_administracion,plusvalia,rentabilidad_operativa,utilidad_operativa,provisiones_corriente,costo_pasivo_total,impuesto_renta_diferido,rotacion_activos,deudores_comerciales,nivel_apalancamiento,operaciones_discontinuadas,propiedades_planta_equipo,nivel_endeudamiento_largo_plazo,pib,obligaciones_financieras_no_corriente,pasivos_por_derecho_no_corriente,rentabilidad_patrimonio,reservas_utilidades_acumuladas,margen_utilidad_bruta,otros_ingresos_netos,rotacion_inventarios,otro_resultado_integral,costos_venta,nivel_endeudamiento,impuesto_renta_corriente,deudores_comerciales_no_corriente,inventarios,obligaciones_financieras_corrientes,efectivo_equivalentes,costo_patrimonio,diferencia_cambio_activos_pasivos_no_operativos,utilidad_bruta,utilidad_neta_periodo,otros_activos_no_corrientes,activos_no_corrientes_venta
0,0.0,2483662.0,0.0,-0.34100996074910306,-88847.97482279193,320.25,451.11315595966227,0.0,0.0,7672.320149360172,0.0,0.0,-1.0,0.7957076488722798,-3221.796604623153,0.0,0.0,72.15792395452416,189.37288135593218,-308332.7481628081,0.0,0.0,0.0,0.0,0.0,0.0,0.0,0.0,0.0,0.0,0.0,0.0,-0.030000000000000027,0.0,0.0,0.0,0.0,-563568.0,0.0,0.0,0.0,0.0,0.0,0.0,0.0,0.0,0.0,0.0,0.0,0.7957076488722798,0.0,0.0,0.0,0.0,73607.0,289.98304339688997,170389.76838366708,0.0,170389.83352951062,0.0,0.0,0.0,0.0,0.0,-22.956170212765958,0.0,0.0,0.0,0.0,0.0,0.059999999997671694,0.0,0.059999999997671694,-3222.362028359262,0.0,0.0,-142447.17466893885,4227131.0,8869.33
1,0.0,1583814.5240607841,0.0,-0.10259753995594036,-19748.852936573618,-5.684341886080802e-14,160.07471901925683,0.0,0.0,7672.320149360172,0.0,0.0,-0.9000000000000004,0.26560004334638343,-3221.796604623153,0.0,0.0,72.15792395452416,189.37288135593218,-67827.85252338291,0.0,0.0,0.0,0.0,0.0,0.0,0.0,0.0,0.0,0.0,0.0,0.0,-0.14,0.0,0.0,0.0,0.0,-1.1641532182693481e-10,0.0,0.0,0.0,0.0,0.0,0.0,0.0,0.0,0.0,0.0,0.0,0.26560004334638343,0.0,0.0,0.0,0.0,0.0,289.98304339688997,46413.06385561882,0.0,46413.076666916895,0.0,0.0,0.0,0.0,0.0,0.4138297872340395,0.0,0.0,0.0,0.0,0.0,1.2038193631013986e-13,0.0,3.515509454434828e-16,-3222.362028359262,0.0,0.0,-25095.56250645616,221409.23209656775,2966.5167957146514
2,435885.0,1823129.7929294808,110769.12,-0.1029488551603167,-19748.852936573618,0.0,193.3744035008843,217542.0,-1394579.0,143260.32014936017,233.0,0.0,-0.5,0.3183559866276233,31689.203395376848,-185150.0,-187.32999999999993,5487.8279239545245,-2932.297118644066,-74169.5509365886,-2953.66,0.0,-178.33999999999992,-0.06,1.36,-387.33000000000175,0.0,5728.0,79536.70000000001,-4327.330000000016,-2003.0,0.0,0.06999999999999994,-1769158.0,0.0,485712.0,-12812.0,0.0,26871.660000000003,1602.6600000000035,-50423.67,119435.0,6566.0,155174.0,-185150.0,0.0,0.0,485712.0,-927.3299999999999,0.3183559866276233,23031.0,-11.67,996.6600000000035,-1.650000000000034,0.0,-2255.01695660311,46413.06385561882,0.0,46413.076666916895,-9805.0,106375.04999999999,-73169.0,0.0,70995.0,0.41382978723404307,446416.0,-11260365.0,0.19,31176.0,-10663.330000000002,20455.340000000026,-4327.340000000026,128963.67000000001,31795.017971640744,435885.0,3204204.0,-26147.17437557131,221409.23209656775,3522.1938371728675
3,-111727.83014388144,1761697.1405568067,0.0,-0.0934513540807017,-31319.852936573618,402.90999999999997,242.0417540451888,0.0,-1.1693215884424298e-08,7672.320149360121,0.0,0.0,0.3000000000000007,-0.2818648409877318,-3221.796604623153,8.343921577408352e-09,0.0,72.15792395452416,189.37288135593218,562264.8081901777,5.161161945109839e-13,0.0,0.0,0.0,7.688137331810669e-15,0.0,0.0,0.0,-6.881279970881478e-10,-3.9338440057755475e-12,0.0,0.0,-0.18999999999999995,0.0,0.0,-1.6150706593078446e-08,-6.498039664440185e-12,-489053.0,0.0,0.0,-1.8401073328813326e-11,0.0,0.0,-3.573042546750358e-10,8.343921577408352e-09,0.0,0.0,-7.515071753670225e-10,0.0,-0.2818648409877318,0.0,1.0088867640626477e-12,1.3986857199558192e-12,-5.438189649955198e-06,411545.0,289.98304339688997,42085.76385561883,0.0,42085.73666691687,0.0,0.5316020021589689,1.0770323538996926e-11,0.0,0.0,1.3938297872340435,-113732.57802031277,1.5680527562732028e-08,0.0,0.0,0.0,4.5077289492185716e-08,-1.3960978967870651e-11,3.1236552615723276e-10,-3222.362028359262,-111727.83014388144,1.2828975372512114e-06,451211.95038409566,-4004449.7679034323,4548.605116160379
4,-88418.19987808102,1784776.3099172749,0.0,-0.10118595273221967,-22320.81901441462,-2.2737367544323206e-13,215.2192989528655,0.0,5.863319971264555e-09,7672.320149359901,0.0,0.0,-1.3000000000000007,0.15158140342733617,-3221.796604623153,6.400868932897917e-09,0.0,72.15792395452416,189.37288135593218,20094.982781857252,-3.0481394874964537e-13,0.0,0.0,0.0,-3.706955459014105e-15,0.0,0.0,0.0,-3.522575653538716e-10,-5.072378065630598e-12,0.0,0.0,-0.040000000000000126,0.0,0.0,-1.927443262265693e-08,-1.3010633754520715e-13,0.0,0.0,0.0,-7.443857578472639e-12,0.0,0.0,-1.2993192171496095e-10,6.400868932897917e-09,0.0,0.0,-6.902180861417738e-09,0.0,0.15158140342733617,0.0,-1.6604083883458925e-13,5.774072508726325e-13,-2.8660685231583158e-06,0.0,289.98304339688997,45234.335501635855,0.0,45234.337542501744,0.0,2.6566583611933035e-06,4.388681329731722e-12,0.0,0.0,0.41382978723404307,-90245.31420015736,-3.790924608706616e-08,0.0,0.0,0.0,-5.256819996632132e-09,-9.806615197592632e-12,8.919045324706443e-10,-3222.362028359262,-88418.19987808102,4.6588929256978014e-07,42365.836219555815,66.62498588876679,3896.379820015087
5,-216467.28762092793,1774300.3195707705,341661.68,-0.10221852361006291,-22320.81901441462,-5.684341886080801e-13,229.64733054382052,-45435.0,1541025.0000000047,57595.32014936007,-1167.0,0.010000000000000002,1.6000000000000014,0.17103441205942094,31697.203395376848,169310.00000000314,2265.66,2337.817923954524,176.04288135593043,90200.21281722037,3516.9999999999986,0.0,141.66999999999985,0.0,-1.8099999999999983,4171.6600000000035,0.01,0.0,-73658.70000000071,72951.0,851179.0,-0.01,-0.05000000000000001,110416.0,0.0,-586685.0000000059,23411.000000000004,0.0,3810.3399999999965,1306.6699999999983,45073.669999999984,-206727.0,10303.339999999967,-214527.9999999999,169310.00000000314,0.0,0.01999999999999999,-586685.0000000085,-1942.0,0.17103441205942094,-23057.0,5.420000000000976,-6240.6600000000035,332.70552911807545,0.0,3347.6530433968155,45234.335501635855,-0.13999999999999999,45234.337542501744,-11383.340000000026,40218.83000000014,10166.000000000005,0.01999999999999999,-61127.0,0.41382978723404307,-243000.51540203838,14029560.999999963,0.29,-118298.73,21576.0,47832.32999996066,72951.0,-112492.32999999868,31736.85797164074,-216467.28762092793,-3741662.000000839,71948.36959116033,66.62498588920812,4177.061729094288
6,-38938.45062236569,477451.90677258046,0.0,-0.05370485140297958,-30401.149014414637,-491.8100000000005,233.13671646856943,0.0,1.0277572389134103e-08,7672.320149360205,0.0,0.0,-0.10000000000000142,0.7559312751819518,-3221.796604623153,-4.4513688918708145e-09,0.0,72.15792395452416,189.37288135593218,262935.383314188,7.81832481512461e-13,0.0,0.0,0.0,-4.200362309564178e-15,0.0,0.0,0.0,-4.612586999609639e-10,7.392750422560179e-11,0.0,0.0,-0.13000000000000003,0.0,0.0,1.8320648516362974e-08,1.1831073984124442e-11,306624.0,0.0,0.0,2.0360958850121764e-11,0.0,0.0,6.849908113891403e-10,-4.4513688918708145e-09,0.0,0.0,-3.226861233696449e-09,0.0,0.7559312751819518,0.0,6.455797837319763e-13,-8.632461950223676e-12,0.0019235202428945393,304843.0,289.98304339688997,606590.6755016358,0.0,606590.6775425018,1.5188381491950732e-13,0.20099083916465127,-4.673841067964934e-12,0.0,0.0,7.553829787234044,-37319.58299472349,-3.99896206786178e-08,0.0,0.0,0.0,9.138214671783091e-08,1.9743196556849342e-10,5.001080253782658e-11,-3222.362028359262,-38938.45062236569,-2.636485836914144e-06,251633.11346145452,-30.045014110791953,1301532.105921834
7,-33471.067991464646,1033750.6639204039,0.0,-0.09090273493192899,-24116.889765236585,-4.831690603168681e-13,226.66532049074533,0.0,-4.791290462370486e-09,7672.320149360061,0.0,0.0,-0.3999999999999986,0.2151223330298757,-3221.796604623153,-6.201472459413441e-09,0.0,72.15792395452416,189.37288135593218,111935.93883501657,1.1804595186996716e-12,0.0,0.0,0.0,1.61114361606168e-14,0.0,0.0,0.0,-3.9782819274356056e-10,1.0265643263932211e-10,0.0,0.0,0.1399999999999999,0.0,0.0,2.464035766551238e-08,1.45954091591878e-12,0.0,0.0,0.0,-5.348081632774699e-13,0.0,0.0,1.5990520236679394e-10,-6.201472459413441e-09,0.0,0.0,2.3561768450915647e-09,0.0,0.2151223330298757,0.0,-2.647865951773149e-13,-1.7878376970996847e-12,0.0012339101981036814,0.0,289.98304339688997,198144.14869834157,0.0,198144.13448392204,0.0,1.0042044653003738e-06,2.8072450967353413e-12,0.0,0.0,0.41382978723404307,-32218.41109720005,5.9090243301078e-08,0.0,0.0,0.0,-5.470867824493451e-08,1.6189285422399247e-10,-1.933138195249772e-09,-3222.362028359262,-33471.067991464646,-1.0230587656567097e-06,99535.62714611471,61.56159171789545,275259.66232682834
8,-89515.19417078816,795109.0542315233,415873.29999999993,-0.09399904446247703,-24116.889765236585,8.526512829121202e-14,224.16223014906546,136709.0,-442389.999999996,246153.32014936022,5367.0,0.0,-0.7000000000000011,0.23397269141474186,31708.203395376848,-75889.00000000838,-0.6599999999998545,71.49792395452431,1005.032881355932,134064.66642965202,8124.000000000002,0.0,-402.3299999999999,0.77,8.990000000000027,10538.0,-0.18000000000000002,-192.34000000000015,532996.7000000005,-366658.66,-849850.66,0.01,-0.0699999999999999,-8142012.0,-0.18000000000000002,285211.00000000675,-4026.000000000005,0.0,554.0,2166.6699999999983,-37777.339999999975,137870.0,-921201.34,122374.99999999993,-75889.00000000838,0.0,0.010000000000000009,285211.0000000018,-1099.3400000000001,0.23397269141474186,-1492.0,-2.0000000000017857,16646.660000000003,-453.41279454219625,0.0,-6135.6869566030355,198144.14869834145,0.1,198144.13448392204,36531.67000000004,23921.89999999955,18222.000000000007,0.010000000000000009,5403.0,0.41382978723404307,-20532.799841095704,-3140216.999999908,-0.5499999999999999,76197.73,-13928.34,-18980.670000178812,-366658.66,554129.3299999977,31731.557971640723,-89515.19417078816,1184311.000000986,113404.96367569233,61.56159171789545,276781.3980967959
9,-18445.918621838653,863794.0592048184,0.0,-0.10852718988023935,26236.110234763415,82.23000000000033,-5165.134694104265,0.0,3.874588130960432e-09,7672.320149359988,0.0,0.0,-0.5,-14.859883215076351,-3221.796604623153,-9.018505789423142e-11,0.0,72.15792395452416,189.37288135593218,242635.57163663476,-3.1009918614010247e-12,0.0,0.0,0.0,4.691604391088355e-14,0.0,0.0,0.0,-4.205727742177323e-09,-4.5317787836207444e-10,0.0,0.0,-0.060000000000000143,0.0,0.0,-5.800115250293394e-09,-3.9645922808864344e-12,-381796.0,0.0,0.0,-1.406796974720955e-11,0.0,0.0,-5.400879299024419e-10,-9.018505789423142e-11,0.0,0.0,-4.21248408271235e-10,0.0,-14.859883215076351,0.0,-7.884070451889448e-13,2.5423105882163053e-11,-0.002219419728266423,-15157.0,289.98304339688997,-723057.1713016585,0.0,-723057.2055160779,0.0,0.11954805121596539,-1.1666632689253223e-11,0.0,0.0,-6.196170212765956,-25846.037046719655,6.949509719212623e-09,0.0,0.0,0.0,-1.173539851954708e-07,-1.1377961563459427e-09,-2.959376609623126e-12,-3222.362028359262,-18445.918621838653,1.2824985573871338e-06,224407.36724940268,5480.561591717896,-533949.7042905551
10,-16366.82461493051,834329.530358015,0.0,-0.10826182174591753,-12924.58072388079,3.410605131648481e-13,-1011.2182733770769,0.0,-3.4280309322134665e-10,7672.320149359653,0.0,0.0,0.3000000000000007,-1.0792126771733024,-3221.796604623153,5.537845072186944e-09,0.0,72.15792395452416,189.37288135593218,157512.50763676816,1.9883254194614988e-12,0.0,0.0,0.0,-3.452451339962721e-14,0.0,0.0,0.0,-2.903316678537668e-09,-4.6024879054624384e-10,0.0,0.0,0.16000000000000006,0.0,0.0,-1.303139745860025e-08,-2.09247948540851e-13,0.0,0.0,0.0,-1.5176155309575335e-14,0.0,0.0,5.414391569476813e-11,5.537845072186944e-09,0.0,0.0,-9.27039732457322e-10,0.0,-1.0792126771733024,0.0,1.1509687471130502e-12,1.0986146205397973e-11,-0.0016623717092844501,0.0,289.98304339688997,-52785.09485087832,0.0,-52785.08783779295,0.0,5.976674190656818e-07,4.3463529354365835e-12,0.0,0.0,0.41382978723404307,-23066.192730273484,-8.12071509463687e-08,0.0,0.0,0.0,-1.0797225796759293e-07,-8.519545805254393e-10,4.982924046990164e-09,-3222.362028359262,-16366.82461493051,-4.4716042678592667e-07,141121.10774588992,345.39869748331967,246424.60271879562
11,708639.681329392,1083630.2117399815,-690161.6499999999,-0.1184183740250869,-12924.58072388079,-1.1368683772161603e-13,-1022.7116316143183,-824292.0,1228947.9999999977,-514217.67985064007,-4388.0,-0.010000000000000002,3.5999999999999996,-1.1296357179577061,-100277.79660462316,221841.00000000902,-15553.0,-15480.842076045476,185.71288135593232,177984.72057886934,-6042.669999999993,0.0,133.66000000000008,-0.74,-9.510000000000028,-3569.3300000000017,0.17,0.0,-164908.4000000052,216341.00000000003,339088.0,0.0,0.16,13497.0,0.17,-569302.0000000079,-13274.999999999993,0.0,1520.0,1420.3300000000017,24630.340000000004,-123975.0,80716.67,-105195.99999999994,221841.00000000902,0.0,-0.010000000000000009,-569302.0000000031,3309.34,-1.1296357179577061,52089.0,3.5200000000017395,-14637.999999999996,-177.18356511680773,0.0,-644810.6769566032,-52785.09485087831,-0.86,-52785.08783779302,6146.669999999984,-196405.11999999997,-45724.00000000001,-0.010000000000000009,-45028.0,0.41382978723404307,664377.5151771387,8287667.999999904,0.22,-76243.77,-1881.329999999998,24119.999999794534,216341.0,-174902.32999999187,-100474.77202835925,708639.681329392,-2952984.000001187,158906.42007067217,345.39869748331876,369016.87009511504
12,-75687.7025624261,-826714.5261011273,0.0,-0.18421041751026945,-7543.58072388079,-215.63905036380535,2195.5677537140596,0.0,2.546596581025479e-09,3092.576268408683,0.0,0.0,-0.6999999999999993,3.1272052741802274,-4707.070386696391,-2.2738451388952583e-09,0.0,100.72007570951689,189.37288135593218,-694632.9164075525,-6.792501077842383e-14,0.0,0.0,0.0,-1.6667388250568086e-14,0.0,0.0,0.0,6.015983052908968e-10,2.473440205472438e-11,0.0,0.0,0.26074659047597143,0.0,0.0,-3.3650140735455086e-09,-9.032056617347572e-13,980492.0,0.0,0.0,5.837280992667727e-13,0.0,0.0,-2.6602191060367914e-11,-2.2738451388952583e-09,0.0,0.0,-1.2638415142084298e-09,0.0,3.1272052741802274,0.0,-6.928291137029624e-14,-4.833619284675573e-13,-0.003473367597005263,-775092.0,419.31336145009755,27931.595149121684,0.0,27931.582162206993,-8.201280895161556e-14,-0.7889949901293337,7.572576673939622e-13,0.0,0.0,28.545767123896074,-84971.33939567953,-1.1691393184591605e-08,0.0,0.0,0.0,-0.021802466465604374,5.914507291280007e-11,-0.04692929028777836,-4707.894715656928,-75687.7025624261,-2.276341582403343e-07,-707193.1639301988,-6116.271302516681,-180653.98841478376
13,-68942.21737424129,-51997.66648201458,0.0,-0.12570919341589776,-11728.508693385345,5.684341886080802e-14,-945.4055222439595,0.0,-5.364876902032892e-25,3092.5762684085644,0.0,0.0,0.3999999999999986,-0.774999297281069,-4707.070386696391,-5.564700693169259e-25,0.0,100.72007570951689,189.37288135593218,32906.64936270955,7.05697369106375e-14,-0.25,0.0,0.0,4.6594399518314504e-14,0.0,0.0,0.0,4.3211696876267237e-41,3.8299506802502093e-41,0.0,0.0,-0.0498492444454671,0.0,0.0,1.824120973285272e-24,-1.873677938418469e-28,0.0,0.0,0.0,3.285321980501573e-14,0.0,0.0,-1.1913301406714607e-26,-5.564700693169259e-25,0.0,0.0,5.064744445883543e-25,0.0,-0.774999297281069,0.0,2.1652904997208762e-13,5.378826311224619e-13,-0.0026029658404839633,-1.1641532182693481e-10,419.31336145009755,-30798.39387275024,0.0,-30798.39464486028,-2.832217895037802e-14,-3.943168696724307e-06,-3.4681090335804227e-46,0.0,0.0,0.41382978723405284,-77092.77462520007,6.288475715700751e-24,0.0,0.0,0.0,2.9020647086387172e-08,0.0,-2.549523762870869e-26,-4707.894715656928,-68942.21737424129,6.780796040069922e-07,2227.7139892597334,6.948483198162364,97457.05695737648
14,-329381.05860288296,-378961.99226148985,-830241.6699999999,-0.1258151207506722,-11728.508693385345,0.0,-1392.6029863948443,-153798.0,710487.0843011732,-40446.30408616722,-841.0,0.0,7.300000000000001,-0.8069968626846867,1101980.1774412245,95616.47333575724,-5.0,2239.395779190772,-450.2971186440661,-57049.90162775833,-3169.7440940403576,-0.21781680560515387,133.33999999999992,0.1,-0.4942684188066707,-16417.67,0.0,0.0,-254287.61883012377,115153.7667770449,558446.33,0.0,-0.4350753777772664,17221.0,0.0,-295357.1342699162,-2607.4566665984376,0.0,8222.330000000002,-401.3300000000015,-2834.1559244816017,41208.0,33562.33,-42454.01889555364,95616.47333575724,0.0,0.0,-264839.0583019828,-3964.0,-0.8069968626846867,-33290.0,4.943585960043375,16117.89839231685,89.5467200994809,0.0,626205.591961238,-30798.39387275024,-4.9,-30798.39464486028,301987.0116873401,-37615.919835645655,-56791.79467495957,0.0,12209.0,0.4138297872413581,-286241.42479511315,5793984.464115189,0.17000000000000004,5557.769999999997,-4623.0,7917.053484705469,115153.77289052257,-279470.2291040106,1102037.8760142338,-329381.05860288296,-1104365.1580377913,-42546.03177432224,6.948483198162222,-43195.18814680611
15,-34233.15423654666,-330716.9784097399,0.0,-0.12363907679698834,267842.8213066146,-163.53110790520773,945.5672103716577,0.0,-4.9240972370855305e-25,3092.576268408564,0.0,0.0,1.5,2.470600021922115,-4707.070386696391,-1.4296618299094795e-24,0.0,100.72007570951689,189.37288135593218,-136409.97734115552,-7.445078442762164e-14,-0.2123961679478924,0.0,0.0,-3.078716625109023e-15,0.0,0.0,0.0,-2.7352268229249532e-25,-1.2229780298529193e-26,0.0,0.0,-0.41193826031884806,0.0,0.0,1.850561960740559e-24,-2.7786902239741295e-29,-122807.0,0.0,0.0,1.209784445263744e-14,0.0,0.0,1.6044916650623515e-43,-1.4296618299094795e-24,0.0,0.0,1.2388735908335266e-25,0.0,2.470600021922115,0.0,2.046121471116308e-13,2.2495241977813876e-12,-0.0017189368126595426,-577.0,419.31336145009755,2765.326127249762,0.0,2765.275355139718,0.0,-0.18798297423210725,4.82986236449196e-28,0.0,0.0,-5.38617021275945,-45383.4796185302,-2.4663394882920372e-24,0.0,0.0,0.0,4.3215063251642415e-08,-4.97418834942345e-27,-3.023078988245312e-25,-4707.894715656928,-34233.15423654666,4.721591745217083e-07,-179704.96787740022,6.948483198162222,22238.029184879626
16,-31283.90346970773,-351342.0353465746,0.0,-0.12548734720505128,50413.74150944024,2.842170943040401e-14,-132.03076041570597,0.0,-6.438885161472519e-25,3092.5762684085644,0.0,0.0,-1.6000000000000014,-0.5785995703472948,-4707.070386696391,-4.1671575967912403e-26,0.0,100.72007570951689,189.37288135593218,-58763.55920185306,6.403845635744488e-14,-0.39841405001785557,0.0,0.0,-2.296047315086129e-14,0.0,0.0,0.0,3.948395128695317e-26,3.14690290435135e-41,0.0,0.0,-0.04567121269870486,0.0,0.0,-2.8097944044540397e-38,5.496505893942965e-28,0.0,0.0,0.0,-1.3354334054143427e-14,0.0,0.0,-4.010180705224744e-27,-4.1671575967912403e-26,0.0,0.0,8.663775078415225e-28,0.0,-0.5785995703472948,0.0,-1.1763402891454258e-13,-2.634443205101071e-12,-0.001257480839350761,0.0,419.31336145009755,-21655.855008066646,0.0,-21655.87037175981,0.0,-9.39464102412453e-07,9.799991555413463e-46,0.0,0.0,0.4138297871388126,-41552.94559134704,0.0,0.0,0.0,0.0,3.8782614850754704e-08,-9.612134180910359e-42,-1.4426902323079202e-25,-4707.894715656928,-31283.90346970773,-3.560030751773427e-07,-59193.53924857563,6.948483198162222,-9243.698173453651
17,10918.897532085728,-342484.9998000066,3015.0,-0.12579528250973324,50413.74150944024,2.842170943040401e-14,371.1585867445633,105927.0,-1647149.4824583014,-1875.3472642159104,-26.0,0.0,0.5,-0.6023595104333634,11398.86550466068,-208820.90094775616,17069.33,18066.86252815757,188.7028813559303,-67340.8323051715,2044.088148581738,0.08713186836416165,133.32999999999993,0.04999999999999999,1.3439160573824234,12789.339999999997,0.0,0.0,-74450.69017004181,-97857.50719367428,-103942.66999999993,0.0,0.39791098412661896,20338.0,0.0,617120.8254071255,35237.540744749924,0.0,6542.0,507.33000000000175,-23864.447294103567,72089.0,-3580.3300000000017,194206.7007850886,-208820.90094775616,0.0,0.0,580258.4514092689,896.0,-0.6023595104333634,-25297.0,-4.23972030020829,14260.712257945435,12.039271039058065,0.0,-5408.65816511701,-21655.855008066646,8.79671283910119,-21655.87037175981,-150540.29393077336,-926.4913002703288,48975.231773915715,0.0,18919.0,0.41382978724054986,-19745.61437092921,-13426342.725845687,-0.040000000000000036,87377.73,5464.0,-23215.373316400477,-97857.50671592953,-56464.57925311166,11433.443824811166,10918.897532085728,3256305.730811513,-67514.25009710851,6.948483198162222,8948.282383433856
18,-29537.08229085557,592973.476462405,0.0,-0.11459947794643349,-92227.25849055976,320.66599384195035,107.13626156668141,0.0,6.4186621253884e-26,3092.5762684085644,0.0,0.0,-3.5,1.8522734753196246,-4707.070386696391,0.0,0.0,100.72007570951689,189.37288135593218,-26864.651949057647,-9.497488906514375e-14,0.2005524662191499,0.0,0.0,-2.4439312290476946e-14,0.0,0.0,0.0,-5.347655782210464e-27,-2.3896369776244615e-43,0.0,0.0,0.05656855872920922,0.0,0.0,9.405683472216128e-25,7.302919706604721e-29,-94998.0,0.0,0.0,-2.81685804055859e-14,0.0,0.0,-5.386849793046779e-26,0.0,0.0,0.0,-1.310181039044977e-25,0.0,1.8522734753196246,0.0,2.887551184377092e-13,5.051036662342939e-12,-0.001238851692399905,-190.0,419.31336145009755,-25237.555008066643,0.0,-25237.54037175981,6.588664682882005e-14,-0.004630076231442988,-1.1792531702686848e-29,0.0,0.0,-11.80617021275864,-36528.991013863226,0.0,0.0,0.0,0.0,3.0913451195882757e-09,-1.6332127039373552e-28,4.5707809569513555e-25,-4707.894715656928,-29537.08229085557,-3.6246708085557177e-07,-60349.38602426098,6.948483198162222,-2589.069980896401
19,-27043.57198702647,191676.25649184245,0.0,-0.12339152848778788,18707.941379000433,0.0,237.26521503441225,0.0,1.8484439944737033e-25,3092.5762684085644,0.0,0.0,-1.0999999999999979,-0.45117990062395696,-4707.070386696391,-8.20118418239999e-25,0.0,100.72007570951689,189.37288135593218,-56933.84062271833,8.246829285995081e-14,0.11072971543454374,0.0,0.0,1.9098250340345087e-14,0.0,0.0,0.0,-2.9474162284448487e-25,4.809577838646623e-43,0.0,0.0,0.259849244445467,0.0,0.0,2.1476116446777493e-24,1.093779351179828e-28,0.0,0.0,0.0,1.8925840352819885e-14,0.0,0.0,-3.714706224928253e-28,-8.20118418239999e-25,0.0,0.0,-2.614119895174136e-26,0.0,-0.45117990062395696,0.0,-1.6615048721745692e-13,1.4616966252293496e-11,-0.0008954708042411941,0.0,419.31336145009755,-22631.48677509479,0.0,-22631.493863268217,1.0552335493076566e-13,-2.3671804133897697e-08,1.486925035888259e-28,0.0,0.0,0.4138297870483836,-33625.38214649807,0.0,0.0,0.0,0.0,-7.60464215868678e-08,8.097092320349067e-42,2.582940745262543e-26,-4707.894715656928,-27043.57198702647,2.880347444671054e-07,-65959.99008546871,6.948483198162222,3304.5736396084335
20,-309276.4330034035,363826.8468705113,57934.34999999998,-0.124292725362203,18707.941379000433,0.0,186.2545818217546,-120502.0,-105702.2671924674,-114266.9594562838,97.0,0.010000000000000002,-1.0,-0.4710482785969101,11401.936591885544,-6723.429927208854,-0.33000000000174623,100.12882900055811,-47.62711864406782,-49932.9433440179,4433.561680147295,0.10158594998214465,-552.67,-0.62,-2.9376272684356644,9113.660000000003,0.0,-177.32999999999993,24188.56214723742,97153.36905112423,457564.9999999999,0.01,-0.3549246222227335,-98960.0,0.0,21863.918998795445,8161.867581975857,0.0,-570.0,-4173.669999999998,16423.314617610024,224826.0,-4206.330000000002,101945.91806395803,-6723.429927208854,0.0,0.0,39784.190610141755,3304.66,-0.4710482785969101,-3755.0,-0.23796298885349398,11322.596104634775,63.53452179121555,0.0,-16326.818497410864,-22631.48677509479,-0.8262234565008493,-22631.493863268217,-107447.73094512531,27171.421310966514,92020.66411413459,0.0,13514.0,0.4138297872413599,-330579.711264469,-812848.7156013674,0.030000000000000027,35369.270000000004,1499.329999999998,-17369.580783639765,97153.36664993374,-14355.269290272845,11449.890485678647,-309276.4330034035,396835.22854311985,-65606.37796924356,6.948483198162222,402.4586171970245
21,1109.2832991681644,229649.08327051683,0.0,-0.11791338996547653,-70686.38862099953,-9.53384106387341,167.0429878583212,0.0,-3.9576630516793563e-25,3092.5762684085644,0.0,0.0,-1.4000000000000004,1.0529552221177063,-4707.070386696391,-7.804221979790142e-85,0.0,100.72007570951689,189.37288135593218,99957.42657710786,1.8705238295001535e-13,0.2727654795744695,0.0,0.0,2.985144582996356e-14,0.0,0.0,0.0,-5.905176255186416e-25,-3.1752448257052946e-26,0.0,0.0,-0.06850681904805728,0.0,0.0,7.306260268235583e-25,1.6426156961223627e-61,-80720.0,0.0,0.0,1.88840177104182e-14,0.0,0.0,2.625108804469251e-41,-7.804221979790142e-85,0.0,0.0,-1.21302696250564e-41,0.0,1.0529552221177063,0.0,-1.641144250792534e-13,5.3893586202259885e-12,-9.377341131755544e-05,-180.0,419.31336145009755,-26837.84677509479,0.0,-26837.82386326822,0.0,0.13578731114363862,4.759448631554931e-28,0.0,0.0,0.24382978724054638,-5426.62140219094,-1.4468181868579394e-24,0.0,0.0,0.0,-9.527266948031858e-08,-1.268710014987425e-25,-8.844011372540418e-26,-4707.894715656928,1109.2832991681644,1.3395149074250157e-07,62323.634568438865,6.948483198162222,1747.0798822523725
22,1016.7707141913062,287210.512774396,0.0,-0.1251562044012484,-1162.3536958699115,0.0,185.91364976420144,0.0,5.134929700310721e-25,3092.576268408564,0.0,0.0,0.0,-0.38094747096033177,-4707.070386696391,1.5751148407712552e-41,0.0,100.72007570951689,189.37288135593218,-17976.201005893527,-1.4418743219709751e-13,0.2275279965097811,0.0,0.0,-2.2466285656102245e-14,0.0,0.0,0.0,-1.1550637198819639e-25,-4.400016470148623e-43,0.0,0.0,0.4726848507948195,0.0,0.0,-3.0233609859216973e-41,-8.733462744723117e-30,0.0,0.0,0.0,-1.0358043723480763e-14,0.0,0.0,-1.9499797633516417e-28,1.5751148407712552e-41,0.0,0.0,5.217974357799564e-26,0.0,-0.38094747096033177,0.0,2.2555134646394415e-13,9.25775492993064e-12,1.722380509324139e-05,0.0,419.31336145009755,-23777.271860265624,0.0,-23777.270654830965,0.0,6.785113419390199e-07,-4.858717237904928e-45,0.0,0.0,0.41382978723834896,-5011.535137735322,-1.5161418386558014e-40,0.0,0.0,0.0,-1.2866592946830918e-08,-2.4459560647644376e-26,2.211002628249734e-26,-4707.894715656928,1016.7707141913062,-5.519306867199431e-07,-47245.72065016604,6.948483198162222,1080.7188045722805
23,192414.9154043272,262514.50243409444,107952.33000000002,-0.1278463391958366,-1162.3536958699115,0.0,188.66608801551726,42597.0,308496.2008084459,176370.96721930063,-7.0,0.0,3.700000000000001,-0.39870410482585106,-49450.65599543525,8353.988186455768,-307.34000000000015,-6362.938203698933,181.71288135593232,5797.66300835117,1437.1973659680398,0.07833354748665118,5949.67,0.48,4.924553428567664,397.66999999999825,0.0,0.0,-373079.29375928873,-287529.3472195951,-452580.9999999999,0.009999999999999998,-0.02731514920518059,9824.0,0.0,56732.896613902645,-2157.2734349901857,0.0,-8479.330000000002,188.66999999999848,-6743.034715692127,-253566.0,164607.65999999997,-172651.85894713894,8353.988186455768,0.0,0.020000000000000018,20962.724815189606,-453.65999999999985,-0.39870410482585106,81666.0,2.201214860381499,-15823.198188684335,-55.72206817370138,0.0,-271006.86636773095,-23777.271860265624,-1.2344782740926952,-23777.270654830965,-428.02085641229496,13402.116238943505,-121599.82526367521,0.020000000000000018,-43675.0,0.41382978724054453,331952.19329904224,2668306.860460774,-0.07000000000000006,-28310.229999999996,45246.34,-4022.2500752367014,-287529.34580281156,-348464.9654809354,-49613.33378623104,192414.9154043272,-1082233.618562464,-39913.61917622562,6.948483198162222,1437.2352779243226
24,-28797.923702932312,-515327.0755836761,0.0,2.4666051598021665,793.9763041300466,-71.99371325319026,272.6545946272407,0.0,-1.8942927613817007e-41,3092.5762684085644,0.0,0.0,-2.3000000000000007,1.4159702642513938,-5977.447129844972,3.5741545747737276e-25,0.0,119.432819439378,189.37288135593218,-32484.850426648743,2.3009681259927597e-14,-1.3586418222678457e-17,0.0,0.0,-7.903219310331013e-15,0.0,0.0,0.0,-2.6797597684293154e-26,-2.6219539692376094e-42,0.0,0.0,0.14044507936690537,0.0,0.0,-3.4742796543862584e-43,-4.3416181033959445e-62,337547.0,0.0,0.0,4.372175842058246e-13,0.0,0.0,-1.7823165693456274e-27,3.5741545747737276e-25,0.0,0.0,6.5257960177656186e-43,0.0,1.4159702642513938,0.0,-7.661784579098742e-14,-8.672378410745747e-14,-0.00095687924136198,1196.0,523.428191322802,-71045.92186026563,0.0,-71045.94065483096,2.3193700525824314e-14,0.052340640396961444,-4.641227626908259e-46,0.0,0.0,1.2138297872422088,-29579.864173738344,4.5268821506763564e-72,0.0,0.0,0.0,-0.021662471881856854,1.1687786616992042e-27,1.7946358974813487e-56,-5978.490112024983,-28797.923702932312,-2.786061314523613e-07,-23117.81984655393,6.948483198162222,1199.5888468248636
25,-25798.575686107164,-181645.81638447265,0.0,0.6492613986165152,-727.5067166060908,-7.105427357601002e-15,203.57408385669265,0.0,7.24434723524089e-41,3092.5762684085644,0.0,0.0,-0.6000000000000014,-0.30555903358588254,-5977.447129844972,-3.4974575253070075e-57,0.0,119.432819439378,189.37288135593218,-11546.404793938069,-5.462290098812611e-29,3.961105263179352e-21,0.0,0.0,1.3933246442703317e-30,0.0,0.0,0.0,-1.0695311564420419e-26,1.3813083589226534e-42,0.0,0.0,-0.09417803174676212,0.0,0.0,2.4686241704232674e-57,-1.0122010973477333e-46,0.0,0.0,0.0,-1.2539765062469343e-28,0.0,0.0,3.3024140391844713e-28,-3.4974575253070075e-57,0.0,0.0,-4.576653472098809e-58,0.0,-0.30555903358588254,0.0,1.2800666735586725e-13,-1.0631180904989413e-28,-0.0007113050664284799,0.0,523.428191322802,-36652.94445275912,0.0,-36652.94732642782,2.9914604635602407e-13,2.616806186052747e-07,-9.363244447500802e-45,0.0,0.0,0.41382978723073105,-27372.34914789381,-5.5918765102307974e-40,0.0,0.0,0.0,3.831604685746422e-08,2.3791242347235823e-41,5.790204577751981e-88,-5978.490112024983,-25798.575686107164,1.8366853302027916e-07,-36189.975763366,6.948483198162222,1330.9428924404363
26,172620.3773793297,-324789.6248072374,-42666.34,0.6492431867179058,-727.5067166060908,0.0,200.76630449230055,125480.0,-116427.64147334162,2904.2410636727764,-5.0,0.0,0.8000000000000007,-0.32236886966113854,-416735.810162844,-20562.064281954823,-834.6599999999999,288.6011986958408,29.032881355932034,-14023.302285868413,-1965.0717926547968,2.2258342449950536e-21,-5724.67,0.09,-0.8865467083348246,-622.0,0.0,0.0,265598.12907775457,-1694.6514343816962,125615.0,0.0,0.22687006983827515,8.0,0.0,39138.658426428156,-6682.38455610779,0.0,-2472.6699999999983,1149.6699999999983,3621.931395561216,102250.0,-6748.329999999958,52913.96474181123,-20562.064281954823,0.0,-0.010000000000000009,47536.671067248244,812.0,-0.32236886966113854,8893.0,2.59878643883937,9817.559963931157,-91.36709652961102,0.0,344813.977157221,-36652.94445275912,-0.38016345734679846,-36652.947326427835,-528909.0571027314,-12523.020370583348,56850.295725139986,-0.010000000000000009,13977.0,0.41382978723404307,167632.0722564916,-623723.816927034,-0.06,-20086.769999999997,-47890.0,10688.451999283565,-1694.6506976629025,279316.37906234286,-416666.5539091119,172620.3773793297,-535102.319870106,-35199.388839791754,6.948483198162222,1280.0421455398427
27,-39978.95186442585,-224658.01628398942,0.0,-1.9602101553143587,-10767.836716606049,37.70097869221601,230.7592681525526,0.0,7.149133048955748e-42,3092.5762684085644,0.0,0.0,-0.3000000000000007,1.4773451893158591,-5977.447129844972,1.7369758293205347e-71,0.0,119.432819439378,189.37288135593218,-188676.88630397385,-1.9821237433866632e-29,8.103124284371282e-36,0.0,0.0,2.539311530297024e-30,0.0,0.0,0.0,1.9077423828615796e-26,1.4985188110129723e-42,0.0,0.0,0.5819454476155417,0.0,0.0,-1.25897914980987e-99,-4.270638245464503e-62,-67962.0,0.0,0.0,-1.0352345760378272e-27,0.0,0.0,-1.3840459826951169e-42,1.7369758293205347e-71,0.0,0.0,5.699905571068077e-71,0.0,1.4773451893158591,0.0,5.830450477329574e-14,-1.1848905106502224e-28,-0.0023331241369994767,-247.0,523.428191322802,30745.26554724088,0.0,30745.382673572167,0.0,-0.06258293374192564,-7.64013847602272e-46,0.0,0.0,0.5038297872340411,-37711.66006981078,0.0,0.0,0.0,0.0,4.4584917526262856e-08,-7.025218406016814e-28,-1.8508751959596364e-57,-5978.490112024983,-39978.95186442585,3.3297260756546567e-07,-8446.153090880398,6.948483198162222,1291.798471408748
28,-36198.38937472926,-267612.85177598824,0.0,-0.12961319330634352,-2959.2402029365185,-1.4210854715202004e-14,220.12775186581942,0.0,-5.614492784262991e-57,3092.5762684085644,0.0,0.0,-0.5999999999999996,-0.23709458603961264,-5977.447129844972,-7.639300486047718e-59,0.0,119.432819439378,189.37288135593218,-39714.349776670104,-1.9113124289764864e-29,8.012487718728235e-41,0.0,0.0,-1.2320026697401335e-30,0.0,0.0,0.0,3.474839626995607e-27,3.99632542575862e-44,0.0,0.0,-1.0285068190480573,0.0,0.0,-1.5264072218650117e-69,-3.1354008587338027e-46,0.0,0.0,0.0,-9.318862047334253e-28,0.0,0.0,-1.0121166438513118e-28,-7.639300486047718e-59,0.0,0.0,-2.8961859892546565e-163,0.0,-0.23709458603961264,0.0,7.179584805602971e-15,-4.064743791864193e-28,-0.0018736137429934587,0.0,523.428191322802,-18294.110737810188,0.0,-18294.082875924185,0.0,-3.127158638498082e-07,8.812744512969965e-45,0.0,0.0,0.4138297872340413,-34941.40036247275,0.0,0.0,0.0,0.0,1.4895807739165008e-08,1.4022167138953617e-43,1.5141594646862944e-103,-5978.490112024983,-36198.38937472926,-6.393227907569677e-08,-31500.635991540563,6.948483198162222,1285.6626027536222
29,-36500.6027581979,-249185.92382122343,882686.99,-0.1296662406699318,-2959.2402029365185,0.0,228.77668791811283,223988.0,-117702.64248972846,10129.91534734751,2455.0,0.0,-1.5,-0.2536546934416112,109736.41775894976,-20408.85389793045,-12373.34,-3821.154318509076,-2916.6271186440677,-59189.406897276815,-3521.892671789558,4.5023972772601614e-41,112.33999999999992,0.07,2.251132584698632,298.66999999999825,0.0,-5612.33,28337.66003683889,33680.11491351254,-932088.0,0.0,0.23387652063769612,-9534.0,0.0,111555.43419616656,-3221.2196721529435,0.0,1097.3300000000017,1885.3399999999965,1842.6430438200987,167993.0,-5216.670000000013,119954.43339952349,-20408.85389793045,0.0,0.0,117770.61322941267,-1796.0,-0.2536546934416112,-11749.0,-2.6639191271608835,10049.0028900073,-197.3729678064996,0.0,-1502.5197965764646,-18294.110737810188,-0.08714812869763566,-18294.082875924185,464786.41870126687,13311.710846139264,117028.10898934896,0.0,11055.0,0.41382978723404307,-161965.6027998325,-1010550.8250838139,-0.13,48857.0,-1331.3400000000001,5843.502862956126,33680.11456608103,7886.379273748447,109792.18324215148,-36500.6027581979,2002870.0502821286,-29907.606975729635,6.948483198162222,1288.5035691622784
30,-29540.921662280576,161613.40319243935,0.0,-0.11687903479758263,-10374.240202936518,32.00942433913147,208.27537296867808,0.0,7.227423322539882e-42,3092.5762684085644,0.0,0.0,-0.1999999999999993,1.1002774329051719,-5977.447129844972,0.0,0.0,119.432819439378,189.37288135593218,24852.925843781035,-8.392752332602813e-29,-2.717083028271299e-52,0.0,0.0,7.992083851335593e-31,0.0,0.0,0.0,2.0354418636584578e-27,2.5622855624024355e-43,0.0,0.0,0.1264178031746762,0.0,0.0,-2.6945793920526286e-73,-6.482861846253618e-62,-64566.0,0.0,0.0,-8.574774696786336e-28,0.0,0.0,-9.046178015489846e-44,0.0,0.0,0.0,-1.6809085061192244e-149,0.0,1.1002774329051719,0.0,1.79327581813228e-13,8.85764884442136e-28,-0.005435456290487989,-28.0,523.428191322802,-17197.66073781019,0.0,-17197.74287592419,-6.665785838770101e-13,0.06652435999306396,1.4955731940259416e-45,0.0,0.0,0.4938297872340396,-20572.628510438764,0.0,0.0,0.0,0.0,6.706717459531692e-09,1.1047355151804176e-27,-5.225867467103753e-59,-5978.490112024983,-29540.921662280576,-1.1338653258939012e-07,62066.628125393065,-92.38151680183778,1286.6543182646042
31,-26903.983741474352,-14612.846492098644,0.0,-0.12601093642160233,-4607.423459974874,-2.842170943040401e-14,221.5416796277745,0.0,-1.8110868088102224e-41,3092.5762684085644,0.0,0.0,-0.9000000000000004,-0.18947512168769942,-5977.447129844972,3.0557201944104054e-58,0.0,119.432819439378,189.37288135593218,-46582.81418662256,2.7368194907790618e-30,1.6207587322094525e-60,0.0,0.0,1.0135967586407182e-30,0.0,0.0,0.0,-5.359519536858674e-26,-2.5915652486510395e-43,0.0,0.0,-0.18104810158503737,0.0,0.0,3.24463134947962e-40,-1.5114088154365778e-46,0.0,0.0,0.0,6.084700817501906e-28,0.0,0.0,-2.2944392683445787e-28,3.0557201944104054e-58,0.0,0.0,-1.8618156068670167e-119,0.0,-0.18947512168769942,0.0,-1.2437297033180029e-13,1.1428989794553117e-27,-0.004496309655646664,0.0,523.428191322802,-17995.444894507295,0.0,-17995.447027652204,-2.3252224391118615e-13,3.32650896926501e-07,-3.915052788989425e-45,0.0,0.0,0.41382978723404307,-19076.621524075315,0.0,0.0,0.0,0.0,-6.248498407862049e-08,-2.786817344459267e-42,-7.965396962586143e-72,-5978.490112024983,-26903.983741474352,2.413380755305233e-07,-17008.139803319587,1.7457631915780567,1287.7781832447317
32,-1410.0125858952888,60985.35690393485,578071.0099999999,-0.12616515390079033,-4607.423459974874,0.0,219.75460652340678,285477.0,-173606.79552265984,56050.21467606803,3307.0,0.010000000000000002,0.0,-0.20579549601281943,3468.215659220835,-27801.642265504044,-103.0,16.15530647907798,-89.95711864406593,-38784.378118381195,1063.385857014725,0.25,-348.66999999999996,0.02999999999999997,11.531508112579369,3122.3300000000017,-0.01,4785.33,201232.20283057238,-5780.49910603567,9790.669999999998,0.010000000000000002,-0.23387652063769615,-53636.0,0.0,156330.95905223576,-10679.858088026474,0.0,-1633.3300000000017,2697.0000000000005,24872.721219860334,328928.0,-215838.0,160808.43897937945,-27801.642265504044,0.0,0.0,173533.1908124737,-774.0,-0.20579549601281943,-22.0,-0.06406105513272453,33723.03804167785,-195.70036616516757,0.0,2917.3214449524676,-17995.444894507295,0.33266394238308367,-17995.447027652204,63176.73819321506,36642.78917054067,185607.28343387245,0.0,11855.0,0.4138297872340413,-22878.856586108643,-1409133.4264449975,-0.05999999999999997,-36893.0,-94.65999999999985,-3605.9266048910395,-5780.4999445605645,154322.4494655574,3552.441559400969,-1410.0125858952888,514005.6220584804,-11511.534051887807,1.745763191578071,1287.4727968040418
33,-24411.92532561714,129911.09783599759,0.0,-0.11449769395723852,24037.576540025126,-5.297845650517559,-26.357920887676897,0.0,4.688190298614995e-41,3092.5762684085644,0.0,0.0,-0.5,0.6813145648006884,-5977.447129844972,-7.606317381873904e-118,0.0,119.432819439378,189.37288135593218,149275.73312408838,1.5620042938297169e-28,0.4678168056051539,0.0,0.0,-1.3366966759843409e-31,0.0,0.0,0.0,1.4454138041917412e-26,3.305793390775122e-42,0.0,0.0,0.5222397714279141,0.0,0.0,-8.11157837369905e-41,-2.149373577989953e-61,-128767.0,0.0,0.0,3.2593804654828076e-28,0.0,0.0,2.149067758256535e-43,-7.606317381873904e-118,0.0,0.0,4.649861884109455e-150,0.0,0.6813145648006884,0.0,-5.620744526553581e-14,6.240332759422548e-28,-0.00816722675645564,0.0,523.428191322802,99549.87510549271,0.0,99549.88297234778,0.0,0.18311982054222908,-4.150271031037806e-46,0.0,0.0,-0.11617021276595452,-16036.85294487713,-1.3979691275576994e-40,0.0,0.0,0.0,-6.623267197012337e-08,-3.310164606732303e-27,8.978697263689292e-42,-5978.490112024983,-24411.92532561714,3.053731112174069e-08,166045.856690626,101.07576319157806,1238.0392940983972
34,-22306.795059448392,100343.07268895,0.0,-0.12315259547657101,1759.6985087189823,0.0,161.97949732129536,0.0,-7.24434723524089e-41,3092.5762684085644,0.0,0.0,-0.40000000000000036,-0.16047402350984563,-5977.447129844972,-4.1750980028737196e-74,0.0,119.432819439378,189.37288135593218,-15478.28050961427,-3.187556387006749e-28,0.3402129735530464,0.0,0.0,-3.904729618694593e-31,0.0,0.0,0.0,3.8154847657232166e-26,2.7858654407944574e-44,0.0,0.0,0.040143568257839324,0.0,0.0,-1.6841121200323425e-74,-5.011031008346719e-46,0.0,0.0,0.0,-3.45630804876134e-28,0.0,0.0,-3.0758779531440373e-28,-4.1750980028737196e-74,0.0,0.0,3.6341321989848525e-119,0.0,-0.16047402350984563,0.0,7.335908872015998e-14,1.2454319568898735e-28,-0.006823192151587057,0.0,523.428191322802,14023.135181290883,0.0,14023.132368301944,0.0,9.151630960041064e-07,-1.7593631049496393e-44,0.0,0.0,0.41382978723404307,-14878.233525738644,-1.5520575131297003e-56,0.0,0.0,0.0,-1.4329488838564445e-08,4.7829996164474585e-43,-2.2489959852621936e-73,-5978.490112024983,-22306.795059448392,-3.5403701459727325e-07,14511.658560302807,6.948483198162251,1277.126589427825
35,-30276.851706234418,113027.27599636,-1455465.0,-0.12360400965534465,1759.6985087189823,0.0,160.51955935093582,-128819.0,325444.1619400858,-82932.33914903959,-5753.0,0.0,3.5,-0.17630788692573796,-205108.05233139225,58816.18268730794,255.34000000000015,-2659.068919223769,129.04288135593043,2307.748648613575,-9849.797210112114,0.6223961679478925,141.0,-0.12000000000000005,-14.1685113183398,6337.669999999998,-0.01,0.0,-90229.56842689432,177286.30225050932,950415.0,-0.010000000000000002,0.9292534095240286,14721.0,-0.02,-317282.9303044645,-22717.715305927213,0.0,-10343.669999999998,-2701.6699999999983,-19094.50531026852,-590422.0,-28029.000000000004,-380349.9550002673,58816.18268730794,0.0,0.0,-345313.1251081971,-939.6700000000001,-0.17630788692573796,18669.0,1.2774663333182996,2720.338958877055,60.094801379930516,0.0,-160881.1997775959,14023.135181290883,-1.3523717890398865,14023.132368301944,23495.888689375457,-4022.173797629788,-372288.48383984424,0.0,-35863.0,0.41382978723404307,-198901.03865482073,2229305.1473895703,0.24999999999999997,3055.0,-690.0,30195.92598581191,177286.29123768685,-80707.10590810335,-205316.99090559658,-30276.851706234418,-1022707.4583454779,25796.371226179763,6.948483198162222,1277.0268557478967
36,-17826.535995263665,87600.33549807128,0.0,0.49505232515142805,31307.358508719015,-29.7083034804563,142.25588528438402,0.0,-1.9983601696924387e-41,3092.5762684085644,0.0,0.0,-1.6999999999999993,1.6067192996233253,-6996.0757021238405,3.968108702483128e-41,0.0,130.22018421163392,189.37288135593218,-139827.07146348356,-3.693600749290602e-30,-0.5643663887896923,0.0,0.0,-7.679406261279864e-31,0.0,0.0,0.0,-6.481023509955063e-27,1.3322429341308506e-42,0.0,0.0,-0.12239052698244712,0.0,0.0,2.449151410717783e-119,-4.572051110454497e-61,267055.0,0.0,0.0,2.8583217123438577e-29,0.0,0.0,2.540322151787821e-42,3.968108702483128e-41,0.0,0.0,-9.252744855354259e-150,0.0,1.6067192996233253,0.0,-6.056891604474321e-14,5.987946672151737e-46,-0.00578227812222953,280.0,600.5386452937682,5629.815181290876,0.0,5629.802368301956,-6.049393350782927e-14,-0.01922689975790623,-1.1399814513137445e-45,0.0,0.0,-0.036170212765959775,522.2972653919715,0.0,0.0,0.0,0.0,-0.015562284592137897,-1.1029612076005647e-29,5.348013638314238e-58,-6997.291016343921,-17826.535995263665,-2.2421791044787126e-07,-155071.57999019828,6.948483198162222,1258.537570576888
37,-16320.769992990843,98508.08064377587,0.0,0.061479390498434885,8327.460949266795,7.105427357601002e-15,126.7810429113801,0.0,-8.042841098944098e-57,3092.5762684085644,0.0,0.0,-0.8000000000000007,-0.10467170846986074,-6996.0757021238405,0.0,0.0,130.22018421163392,189.37288135593218,-17133.602607516368,-4.923463779286747e-31,-0.6264748865248304,0.0,0.0,2.8734724309737463e-30,0.0,0.0,0.0,4.0708837273154376e-27,-8.603740512780911e-43,0.0,0.0,-0.5834314412707907,0.0,0.0,-2.719104286972029e-135,-1.0659240497251813e-45,0.0,0.0,0.0,3.0058522513061367e-31,0.0,0.0,7.275178146680915e-28,0.0,0.0,0.0,8.214757750870307e-59,0.0,-0.10467170846986074,0.0,8.661882162536772e-14,-8.846706607270664e-29,-0.0048143633158767634,0.0,600.5386452937682,11736.849444676278,0.0,11736.844150799443,-4.778203229258469e-13,-9.612914604879983e-08,-1.73169497436542e-44,0.0,0.0,0.41382978723404484,484.7196019768399,0.0,0.0,0.0,0.0,3.0455261154293944e-08,-1.4669323953357652e-41,-4.4008861004081713e-72,-6997.291016343921,-16320.769992990843,6.692926977396643e-08,-2707.2147061616706,6.948483198162222,1267.891326907013
38,104051.18373656725,93828.83485832065,934083.6499999999,0.06147492359697675,8327.460949266795,0.0,106.42358103735444,92731.0,-186268.24863329803,66666.39936655751,2015.0,0.0,-0.9000000000000004,-0.1214264606087967,-29043.622172331758,-24869.078176588126,155.32999999999993,367.7913848277494,1212.032881355932,-32678.009424366828,8853.733667427987,0.5104153282084298,140.9999999999999,-0.19,0.43755402108155433,-497.66999999999825,0.0,0.0,-115430.1974396222,40579.52095400431,-948744.33,0.0,0.22134242539740973,3261.0,0.01,98413.06963242879,4210.537161563803,0.0,-3290.3300000000017,-2355.3300000000017,9942.654671495282,145579.0,2879.0,-109311.2560189073,-24869.078176588126,0.0,0.21999999999999997,108289.95031451047,1035.0,-0.1214264606087967,-30676.0,-0.19264972625917132,-20601.11022663106,-249.13484670464217,0.0,-419267.8283679476,11736.849444676278,0.5776407364216113,11736.844150799443,-222865.49655637296,-14938.594840933401,41738.39369306415,0.21999999999999997,-8399.0,0.4138297872340422,189715.88127167473,-1447097.8755463667,-0.24,26860.0,-4588.0,85662.92035392739,40579.52139538548,-98338.80569015502,-29014.803623564745,104051.18373656725,1993335.9531873167,-12833.568042885076,6.948483198162222,1263.1592479394312
39,-23659.542259971815,-662999.0647683336,0.0,1.3873304649599196,-12272.539050733205,26.770074758097977,0.5844929948067374,0.0,1.1437631780768539e-41,3092.5762684085644,0.0,0.0,-0.5999999999999996,1.2518329829036277,-6996.0757021238405,-1.7376576972073593e-87,0.0,130.22018421163392,189.37288135593218,143248.93094992364,-5.841930828833251e-30,0.8712672224206155,0.0,0.0,-4.691293511798452e-31,0.0,0.0,0.0,-8.291138220073638e-27,-6.336497224547306e-43,0.0,0.0,-0.5568700698382753,0.0,0.0,-2.0466844943991232e-163,8.473911590975457e-62,-122075.0,0.0,0.0,-1.2083395494153794e-30,0.0,0.0,-2.1953536304440662e-42,-1.7376576972073593e-87,0.0,0.0,-6.598855470167522e-87,0.0,1.2518329829036277,0.0,2.881542829752321e-14,7.982729510167181e-45,-0.009710775266843738,0.0,600.5386452937682,-10976.590555323724,0.0,-10976.495849200553,0.0,-0.07465460108323443,-1.5686434945859895e-45,0.0,0.0,0.9038297872340451,-13173.549202079448,0.0,0.0,0.0,0.0,5.1319513899457635e-08,1.307018441287837e-28,6.516368888327073e-58,-6997.291016343921,-23659.542259971815,2.581075131539135e-07,-26621.009963732795,6.948483198162222,309.2232135897134
40,-21685.699132034875,-338332.1686924265,0.0,0.4571677322214025,3748.5566883105785,0.0,94.57265198544218,0.0,2.998596610300466e-70,3092.5762684085644,0.0,0.0,0.7000000000000011,-0.06398019253459553,-6996.0757021238405,7.642299372695838e-75,0.0,130.22018421163392,189.37288135593218,-6231.744337071723,3.823146580586678e-30,-0.5104153282084298,0.0,0.0,-5.892188008434082e-32,0.0,0.0,0.0,2.890827608383476e-26,-2.0132562234126846e-43,0.0,0.0,0.046130666658997566,0.0,0.0,-8.502593353615302e-103,1.9756004344334218e-46,0.0,0.0,0.0,-6.241315120601879e-31,0.0,0.0,2.090860930887812e-28,7.642299372695838e-75,0.0,0.0,2.0351804956692147e-58,0.0,-0.06398019253459553,0.0,2.3548056600211914e-14,4.502373520736583e-45,-0.008183273013737686,0.0,600.5386452937682,5549.856228469667,0.0,5549.8788316557475,0.0,-3.730934447816755e-07,3.254639766999707e-44,0.0,0.0,0.41382978723404307,-12228.282185100818,0.0,0.0,0.0,0.0,1.2329304791972043e-09,-3.357699803325664e-42,2.3015626166199107e-72,-6997.291016343921,-21685.699132034875,4.2215515988801806e-10,-14212.55997870153,6.948483198162222,1064.702733521539
41,16021.240828604652,-477609.00224938465,10440.69000000006,0.45715481778679257,3748.5566883105785,0.0,102.87945152205265,280698.0,-203717.49815383268,64369.95482291909,-377.0,0.0,-0.3000000000000007,-0.08122390713890582,66078.96184664886,-27860.721682489515,1068.0,-717.4960907902885,-113.28711864406768,12314.8082378931,3455.0490737252367,0.6287327775793845,141.0,-0.12,-0.5502500883806289,-676.0,0.0,0.0,80663.44039660343,104437.29806512436,-1331.3399999999965,0.0,0.16745871746301996,22271.0,0.0,63723.21791120741,-15317.736506462941,0.0,-3478.6699999999983,-1811.3399999999965,13945.01730723074,124502.0,2142.34,-79895.23182629791,-27860.721682489515,0.0,-0.22999999999999998,76222.12528445141,-2285.33,-0.08122390713890582,38432.0,-0.1715425969362262,22214.911025926016,-67.4812942968311,0.0,640158.5218123758,5549.856228469667,-0.3153245911212832,5549.8788316557475,250975.51996335672,-12349.070669539848,9117.216231048675,-0.22999999999999998,37503.0,0.4138297872340395,26213.580654151163,-1439012.456430729,0.04999999999999999,6667.000000000004,-4173.0,77355.04892263809,104437.30807230409,52401.20945827222,66115.5386527342,16021.240828604652,-523278.5259117244,-15081.494262757624,6.948483198162222,1063.8461895383616
42,-21211.23954956945,500630.5308476079,0.0,0.4103116321480125,-3096.773311689496,10.183144947562198,-96.2670120056057,0.0,1.2509087019817532e-41,3092.5762684085644,0.0,0.0,-0.40000000000000036,1.0648745780408442,-6996.0757021238405,0.0,0.0,130.22018421163392,189.37288135593218,70573.68866039498,1.3148504818703452e-30,0.817316161839353,0.0,0.0,1.3867924500972298e-30,0.0,0.0,0.0,5.79390617420266e-27,5.536695209553288e-43,0.0,0.0,0.16343144127079073,0.0,0.0,-2.775083573807343e-89,-3.0827692512614178e-61,-178009.0,0.0,0.0,-8.120540239651552e-31,0.0,0.0,-4.477151453692879e-43,0.0,0.0,0.0,2.0423894323996373e-150,0.0,1.0648745780408442,0.0,1.2140818463656085e-13,1.4143820492883913e-61,-0.00957156956286867,0.0,600.5386452937682,104073.9462284697,0.0,104073.87883165572,2.5288711648556354e-13,-0.06171363195325037,3.18151454964042e-45,0.0,0.0,1.7438297872340431,-13230.071532600406,0.0,0.0,0.0,0.0,8.312133693377058e-09,-1.2314080021848385e-28,-3.472338398134325e-58,-6997.291016343921,-21211.23954956945,-8.799923303263358e-08,-40921.32633896795,6.948483198162222,704.9339526720707
43,-19454.745396747017,80981.63446572307,0.0,0.4431352011017089,2226.9979162401287,2.842170943040401e-14,37.97812811883017,0.0,2.0107102747357095e-57,3092.5762684085644,0.0,0.0,0.09999999999999964,-0.03160963657369953,-6996.0757021238405,3.056919749078334e-74,0.0,130.22018421163392,189.37288135593218,17638.09476398432,-1.2832666839724425e-29,-0.7656229923126449,0.0,0.0,1.5831981761462464e-30,0.0,0.0,0.0,-1.296204701990998e-26,-4.555702109975565e-43,0.0,0.0,-0.06492462222273347,0.0,0.0,-3.6022644306128672e-56,-7.187141624814824e-46,0.0,0.0,0.0,-3.2218140558082724e-31,0.0,0.0,1.5282032690296198e-28,3.056919749078334e-74,0.0,0.0,2.9988072203107776e-58,0.0,-0.03160963657369953,0.0,-8.959947976527262e-14,-2.017323230075796e-61,-0.008082835968224225,0.0,600.5386452937682,32387.17705978942,0.0,32387.172294586082,1.5516127815387054e-13,-3.085018079703816e-07,8.11475038215675e-45,0.0,0.0,0.41382978723404484,-12282.373563523066,0.0,0.0,0.0,0.0,-7.156245124497233e-08,-8.641529439381553e-42,2.804374117902614e-72,-6997.291016343921,-19454.745396747017,1.664266922974884e-07,-18665.181973708794,6.948483198162222,886.5081766886639
44,4379.12029641078,261004.2059079192,-1048644.33,0.44309792258039016,2226.9979162401287,0.0,24.316695742086722,100066.0,-224703.21221004857,26100.59192003304,-1652.0,0.0,-1.0,-0.049123153515438944,-214835.8962033525,-24068.865743493516,-372.0,-291.9881744652848,1141.032881355932,23106.130266882712,1726.1492611276117,0.19309916636907687,-352.9999999999999,-0.18,4.157993780656974,2167.3300000000017,0.01,-1079.33,-203209.13398746884,-179222.62020049043,1378343.0,2.7600000000000002,-0.07745871746302,21040.0,0.0,-46319.312523414614,27420.682041359836,0.0,-18107.33,-1599.3399999999965,-11964.564242871798,-353052.0,1071.0,80995.29204192845,-24068.865743493516,0.0,0.0,-21302.522625103535,3357.33,-0.049123153515438944,91435.0,-0.8075818791734639,-10882.56761298091,169.03931005712,0.0,20462.86138025963,32387.17705978942,-0.2541915669352883,32387.172294586082,-57938.61604662525,-33440.452464678325,-123994.12832893629,0.0,-57971.0,0.4138297872340413,107066.06805822064,-1694069.895520737,0.21000000000000002,28887.0,1900.3300000000017,-73459.89406186585,-179222.62075335265,-168921.2627302679,-214733.92486850393,4379.12029641078,553170.9851790087,-20225.663258966626,6.948483198162222,794.6495119769609
45,-18207.98094771756,200916.11581221037,0.0,-1.4840205820028218,-7094.002083759871,53.72092616893639,-199.13218389371724,0.0,1.379769563557808e-41,3092.5762684085644,0.0,0.0,-0.1999999999999993,-0.6366850264209087,-6996.0757021238405,0.0,0.0,130.22018421163392,189.37288135593218,-110514.17755894497,-2.9105807595174147e-29,-0.927476174056432,0.0,0.0,7.220330440484486e-32,0.0,0.0,0.0,-1.4596137361306407e-26,-1.8649021494131266e-42,0.0,0.0,-0.12552764444086548,0.0,0.0,-9.005661076532168e-57,5.518546125274725e-61,-197780.0,0.0,0.0,1.0101850489417343e-30,0.0,0.0,-8.540406735517306e-43,0.0,0.0,0.0,-5.7080600849948885e-151,0.0,-0.6366850264209087,0.0,-3.20244031215388e-14,-3.3474433776335765e-45,-0.004758781476357216,0.0,600.5386452937682,-102398.1629402106,0.0,-102398.1577054139,0.0,-0.1671163630137972,-4.0325165613622624e-46,0.0,0.0,-0.5661702127659609,-19066.283181515784,0.0,0.0,0.0,0.0,-9.32979986059865e-08,1.8634226152519918e-27,1.1193478030439829e-57,-6997.291016343921,-18207.98094771756,1.5465039671252305e-08,82038.22574411679,6.948483198162222,352.1209444080639
46,-16706.8789274788,226692.93206347036,0.0,-0.132172065138177,155.1548766103806,0.0,-41.87640277851699,0.0,8.042841098943704e-57,3092.5762684085644,0.0,0.0,0.8000000000000007,-0.04895467631029993,-6996.0757021238405,0.0,0.0,130.22018421163392,189.37288135593218,-846.4153622399317,9.698729970873e-30,0.927476174056432,0.0,0.0,-1.0743415238102396e-30,0.0,0.0,0.0,-1.6582276440146358e-26,8.940706058461753e-43,0.0,0.0,0.4076094730175529,0.0,0.0,0.0,1.286589080554546e-45,0.0,0.0,0.0,2.9181941549144527e-32,0.0,0.0,-1.5492447702460348e-28,0.0,0.0,0.0,-5.9673166153071486e-58,0.0,-0.04895467631029993,0.0,4.0706829592662824e-14,3.629998234566433e-61,-0.0039755560822920194,0.0,600.5386452937682,-4327.472250227205,0.0,-4327.470388495276,0.0,-8.351721620532732e-07,-2.5546505344344037e-46,0.0,0.0,0.4138297872340466,-17702.024214014735,0.0,0.0,0.0,0.0,-2.3102343328800774e-08,1.4829543024710821e-41,-1.4943500128991715e-72,-6997.291016343921,-16706.8789274788,-2.576769632763967e-07,-5831.277407310699,6.948483198162222,715.5294259384223
47,-376886.41461709794,215635.09589339257,912116.6599999999,-0.13228107500920894,155.1548766103806,0.0,-52.64767417955386,-199140.0,1134508.4154591484,54270.26788656566,1329.0,-0.010000000000000002,-0.6000000000000014,-0.06415579168449881,60736.896524513984,74023.01248064652,-1070.67,-2291.2183217347397,117.04288135593407,-18338.821479667735,-2640.324626694741,-0.177476174056432,187.9999999999999,0.43,-5.768863402730449,7948.669999999998,-0.019999999999999997,0.0,103094.91382610297,180704.12638957833,-1371871.66,-2.77,0.18327349841956414,-9204.0,-0.019999999999999997,-148455.06921478536,-14652.461119910293,0.0,3978.6699999999983,1505.6699999999983,1240.2034002284727,62277.0,-12294.34,109812.87966561317,74023.01248064652,0.0,0.010000000000000009,-193148.777395539,-2714.33,-0.06415579168449881,-127559.0,1.954048275859043,-12808.35333429901,-108.33521411893892,0.0,-100163.9012115782,-4327.472250227205,0.5129150131998905,-4327.470388495276,18073.83110728926,52380.86366072746,67065.27098861962,0.010000000000000009,23677.0,0.41382978723404307,-528657.724956253,4459990.601804884,-0.22999999999999998,-55936.0,-452.0,12472.806076666431,180704.1230703584,121792.5881907045,60566.74085001045,-376886.41461709794,-1309123.4934317009,275.38258929466247,6.948483198162222,726.6718821771376
48,15680.59081402421,174404.1806342809,0.0,0.02043873543723248,33151.15487661038,-80.87808585749674,177.65142635467794,0.0,-6.966345366649492e-41,3092.5762684085644,0.0,0.0,-0.1999999999999993,1.6744725662192967,-7771.379029688243,0.0,0.0,135.98516336160515,189.37288135593218,-143998.04070802685,-1.0649782356354489e-30,-0.6690734091281064,0.0,0.0,2.8611517993344006e-31,0.0,0.0,0.0,7.405117545309908e-27,2.2687772316359438e-42,0.0,0.0,-0.10567121269870494,0.0,0.0,0.0,-2.948879331923777e-61,598010.0,0.0,0.0,1.2421007478100207e-29,0.0,0.0,1.4045157748496657e-43,0.0,0.0,0.0,1.4195828902284582e-121,0.0,1.6744725662192967,0.0,-4.4394149586519546e-14,7.020967751844885e-46,-0.006234277656538056,0.0,654.1934329963176,-1584.7922502272122,0.0,-1584.8003884952632,2.642212867531351e-14,0.2592964732784208,-5.243590110671253e-47,0.0,0.0,0.20382978723404221,21372.545454402396,0.0,0.0,0.0,0.0,-0.011986284482613364,7.146171239485105e-28,-8.070521366868627e-58,-7772.722884276903,15680.59081402421,-1.5850269050989789e-07,-114584.0991453912,6.948483198162222,537.29081247501
49,14391.292337249371,192091.57467214344,0.0,-0.08659641023318583,7489.403662751778,0.0,-19.75159870465893,0.0,2.0544895519823255e-70,3092.5762684085644,0.0,0.0,0.8000000000000007,-0.0025616051737047396,-7771.379029688243,0.0,0.0,135.98516336160515,189.37288135593218,-30918.189054217684,-1.1495459968368533e-45,-0.7706389206591391,0.0,0.0,-6.58376005334872e-32,0.0,0.0,0.0,1.1587812348405476e-26,-8.541328946101649e-43,0.0,0.0,-0.3843216000046014,0.0,0.0,0.0,-6.874991822483396e-46,0.0,0.0,0.0,-6.413692678906564e-45,0.0,0.0,-2.100455782535345e-28,0.0,0.0,0.0,1.87134624431113e-58,0.0,-0.0025616051737047396,0.0,6.026045738652002e-14,-5.01845448714475e-61,-0.0052591475686784555,0.0,654.1934329963176,-3580.384070091328,0.0,-3580.385011714243,3.478571753821762e-13,1.29583798509311e-06,1.1722023787847341e-44,0.0,0.0,0.4138297872340422,19844.34185052659,0.0,0.0,0.0,0.0,4.8382599490339444e-08,-1.4952128010126698e-41,4.817207345966537e-72,-7772.722884276903,14391.292337249371,5.7624249238694834e-08,-16097.45770891622,6.948483198162222,633.0989718034048
50,-420857.2380123142,184503.96945201745,-1080022.66,-0.08659751706840682,7489.403662751778,0.0,-32.93872323465149,-318804.0,-785813.4118495167,28500.651917385934,-1421.0,0.0,3.3999999999999986,-0.019358450049090425,-22080.006895294806,-69350.08433180358,168.0,420.43035186870105,117.37288135593218,-44850.58561497067,-4533.25703807217,-0.3993716982385237,188.0,3.8600000000000003,0.13823775063135502,-21243.67,0.009999999999999998,-0.3400000000001455,150157.74483885977,106806.52275320288,1064657.33,0.0,-0.3595549206330947,127938.0,0.009999999999999998,-10244.273283098475,-23678.342316583832,0.0,8839.0,479572.67,28951.530430762705,44708.0,2444.0,84504.1142843795,-69350.08433180358,-420486.67,0.0,4663.158907483361,4144.66,-0.019358450049090425,-23198.0,0.8326673471426527,1819.7033775411937,-92.08059752631236,0.0,599841.0941735038,-3580.384070091328,-0.31362663870803087,-3580.385011714243,-77060.81111964575,-9100.372573373064,-22630.84970193237,0.0,-21346.0,0.41382978723404307,-336131.3446280263,-1092653.3656146307,0.29999999999999993,-23149.0,3630.0,-33864.696203798114,106806.53329004008,119618.2111626981,-22051.18215586611,-420857.2380123142,-477072.22041534097,-22939.16689581718,6.948483198162222,584.629484286343
51,47772.86530999059,-899133.3397295516,0.0,0.24075578762514097,118988.07366275182,19.418317137829888,-121.93637556705306,0.0,4.82521552603329e-41,3092.5762684085644,0.0,0.0,-2.299999999999999,0.8369770843220097,-7771.379029688243,-1.929187584356739e-103,0.0,135.98516336160515,189.37288135593218,64904.580517941926,-3.2378292829754156e-47,-0.09542063765726135,0.0,0.0,-6.280192208733971e-31,0.0,0.0,0.0,1.0785553909536706e-26,-1.6528561101346388e-43,0.0,0.0,-0.20312993016172481,0.0,0.0,0.0,-4.7653819860139454e-61,-437470.0,0.0,0.0,-5.411631553854695e-44,0.0,0.0,4.337366920679458e-43,-1.929187584356739e-103,0.0,0.0,3.516972134537511e-121,0.0,0.8369770843220097,0.0,1.1985210835428031e-14,8.793654729130676e-62,-0.007179985605333216,0.0,654.1934329963176,-70064.37407009132,0.0,-70064.38501171424,0.0,-0.04547848654785253,1.0499141216836923e-45,0.0,0.0,-0.7261702127659593,42452.34090369253,0.0,0.0,0.0,0.0,4.5176214639181943e-08,9.286872763031253e-28,-7.926437424447793e-58,-7772.722884276903,47772.86530999059,1.7575669878431754e-07,17292.868168526504,6.948483198162222,609.1502687021473
52,43851.122285263344,-434270.50655759417,0.0,0.011098892561379822,32272.98303915735,0.0,-15.203665783672932,0.0,9.863262172951836e-70,3092.5762684085644,0.0,0.0,-1.4000000000000004,0.0191765099228266,-7771.379029688243,8.484656724645309e-91,0.0,135.98516336160515,189.37288135593218,-27158.56573271574,4.810077902465938e-46,0.12760383205210746,0.0,0.0,-1.133387221483983e-31,0.0,0.0,0.0,-2.919227472261334e-26,-5.83298044933843e-43,0.0,0.0,-0.011787504764315088,0.0,0.0,0.0,-1.1109970431880117e-45,5.820766091346741e-11,0.0,0.0,3.7337148086729204e-44,0.0,0.0,-1.6163600848747528e-28,8.484656724645309e-91,0.0,0.0,1.317185828141963e-58,0.0,0.0191765099228266,0.0,2.1466809707712762e-14,-1.1046884398667887e-61,-0.006087412195496731,0.0,654.1934329963176,-21690.19020761823,0.0,-21690.191947988234,0.0,-2.2727030448023643e-07,-2.5100208854115728e-45,0.0,0.0,0.41382978723404307,39418.23628585361,0.0,0.0,0.0,0.0,1.859778931308403e-08,-8.837567903465829e-42,-3.4732166989147903e-72,-7772.722884276903,43851.122285263344,-4.176246071324068e-09,-16892.485439596872,6.948483198162222,596.74516810861
53,49219.24122622431,-633689.1236850068,999071.99,0.011095687058886574,32272.98303915735,0.0,10.826638426488444,-205684.0,445766.92445958144,-41273.930481703545,964.0,-0.010000000000000002,0.6999999999999993,0.0022449124240908613,39749.67715927504,79658.15818062883,18964.670000000002,-355.52177176829167,117.37288135593218,-15020.416148500371,4703.052943986098,-0.032183194394846126,188.33000000000015,-3.7600000000000002,-0.5622311477425678,20829.0,0.04,-3420.0,3388.5855456471727,-2677.354819067288,-1057376.6700000002,-0.01,0.09253409524028643,13287.0,0.04,-74964.97497332995,3890.41131627385,0.0,8167.6600000000035,-481496.67,86546.71202297814,0.0,-403.3299999999999,-5161.32364188392,79658.15818062883,420486.67,-0.03,-196438.19814878725,-4114.0,0.0022449124240908613,0.0,-1.5215467900626316,-17086.35040167744,171.31474319656132,0.0,-472969.24754214386,-21690.19020761823,0.009321094746165867,-21690.191947988234,21537.636529375683,-15080.989800392472,-45647.37841954101,-0.03,0.0,0.41382978723404484,-272568.7054116062,2892406.625928541,-0.26999999999999996,-24603.0,-2609.670000000002,-17520.693540618995,-2677.3702725306503,-58423.939446592805,39774.39542950726,49219.24122622431,392811.2338561073,-14487.6247476399,6.948483198162222,603.0209265886933
54,36214.977006694404,273861.97786886897,0.0,-0.0004699082137067604,-112293.01696084265,50.123811299214,-395.51428353278845,0.0,-2.7371911098233873e-41,3092.5762684085644,0.0,0.0,-0.1999999999999993,0.6352949238508719,-7771.379029688243,0.0,0.0,135.98516336160515,189.37288135593218,-60912.30064703568,-6.31428223903128e-46,-0.09542063765726135,0.0,0.0,-2.4989051668040835e-31,0.0,0.0,0.0,2.4339585093595887e-28,-5.809275684490154e-43,0.0,0.0,0.12477386666820046,0.0,0.0,-3.080961678899977e-105,7.829642699173101e-62,0.0,0.0,0.0,5.73448874349624e-44,0.0,0.0,5.990447544638108e-43,0.0,0.0,0.0,5.182204454654469e-121,0.0,0.6352949238508719,0.0,8.534693938717644e-14,-1.2493286837020217e-62,-0.0025925285801963144,0.0,654.1934329963176,-39962.87020761822,0.0,-39962.86194798823,-2.2099421527241715e-13,-0.07536621015456443,-5.897906306480611e-46,0.0,0.0,-1.2061702127659562,56077.980761935905,0.0,0.0,0.0,0.0,4.7170655077117655e-09,-2.1849975144135797e-27,3.8714314117544385e-58,-7772.722884276903,36214.977006694404,-4.939714455256108e-08,-49592.875989455526,6.948483198162222,599.8460112219565
55,-764418.1216618881,-115462.72767795366,0.0,0.007634175228905337,139.2998649145011,0.0,-112.38222484568848,0.0,-1165241.0,-210219.42373159144,0.0,0.0,-1.1999999999999993,0.034623940117144536,-7733.379029688243,-100274.0,0.0,135.98516336160515,189.37288135593218,-21656.4977860277,-4.978660306465475e-46,-0.12239616794789253,0.0,0.0,-6.987970233121114e-34,0.0,0.0,0.0,1.4810235090620295e-26,7.199820424602058e-44,0.0,0.0,-0.12776022857208585,0.0,0.0,-3.999316911654635e-72,-64314.0,0.0,0.0,0.0,-6.475723607060122e-44,189593.0,0.0,181563.0,-100274.0,0.0,0.0,470075.0,0.0,0.034623940117144536,-42888.0,-6.468464365690333e-14,-2.1146974413835547e-61,-0.0021528688169417404,0.0,654.1934329963176,-26667.54930434312,0.0,-26667.54779165356,-1.481447619390315e-13,-3.7659237650958847e-07,9.051573620511321e-46,0.0,16258.0,0.41382978723404307,52071.20003462599,-7893117.0,0.0,50918.0,0.0,-6.474809419877944e-08,2.215355265015125e-43,-3.4112089633407394e-72,-7772.722884276903,-764418.1216618881,2653696.0000001253,-19508.736336854752,6.948483198162222,601.4522055358282
56,72971.91192695615,51551.2576387974,-906252.34,0.007624891506582748,139.2998649145011,0.0,-133.9203003532116,-401776.0,508471.7810586699,-34826.62214534802,-908.0,0.010000000000000002,0.29999999999999893,0.017880033193112044,-142930.6361392155,88225.61440882596,-18999.33,-29.61966744239558,-5624.95711864407,-25621.94111690187,1359.8194050787897,2.939268900233403e-22,-464.33000000000004,0.14,-6.733973886990765,1884.6699999999983,-0.05,4605.67,-27232.53143875039,-199167.40720227215,1306251.6700000002,0.01,-0.2147738666682005,-19254.0,-0.05,63840.97473236016,-8488.673370928875,370005.0,2514.6699999999983,250.6699999999986,18160.297556969577,0.0,-755.0,-122043.76414036388,88225.61440882596,0.0,0.03,-250530.69634094232,1529.0,0.017880033193112044,0.0,-0.7317257132961121,-2977.181084905247,-74.90984637161895,0.0,3544.8131032732945,-26667.54930434312,0.4320041178937749,-26667.54779165356,24906.12536601629,19219.258401026065,129996.74835415522,0.03,0.0,0.4138297872340395,-373813.0306351872,3518014.790781943,0.22000000000000003,-103561.0,7048.34,-33207.12174507379,-199167.40871553103,-60913.67659523111,-142787.67409892334,72971.91192695615,-1150987.9925794627,159977.4141863457,6.948483198162222,600.6396294901979
57,89940.86848554542,-199458.1739302813,0.0,-0.4681801951865757,-10153.370135085483,5.8293338229488825,-625.636686122074,0.0,-3.122224558040423e-41,3092.5762684085644,0.0,0.0,-0.29999999999999893,1.2553357270170296,-7771.379029688243,0.0,0.0,135.98516336160515,189.37288135593218,75089.46698485228,3.3559153789322195e-45,-2.820868827829861e-21,0.0,0.0,6.5477253987575785e-31,0.0,0.0,0.0,-1.956062514398006e-27,-1.448476532422929e-42,0.0,0.0,0.20208901587338102,0.0,0.0,-9.998292279136587e-73,-3.017637927531345e-45,0.0,0.0,0.0,-1.4402979282400765e-44,0.0,0.0,-3.472862695211559e-28,0.0,0.0,0.0,-1.0312051583953962e-120,0.0,1.2553357270170296,0.0,-1.580346885187257e-14,1.1730740251437464e-61,-0.003752891912229462,0.0,654.1934329963176,-45709.54930434312,0.0,-45709.54779165356,0.0,0.09604692303141694,2.424118366579323e-46,0.0,0.0,1.2938297872340456,75056.42863615631,0.0,0.0,0.0,0.0,-7.148286139581562e-08,2.054121902727397e-27,4.036412525584694e-58,-7772.722884276903,89940.86848554542,5.027837460241951e-09,-115230.39614867885,6.948483198162222,174.38071289662628
58,82568.77077077981,-91779.19820341887,0.0,-0.1344090160270824,-2148.5229758435744,-2.842170943040401e-14,-281.7839390725975,0.0,2.8676608330997044e-69,3092.5762684085644,0.0,0.0,0.0,0.06496283161487981,-7771.379029688243,0.0,0.0,135.98516336160515,189.37288135593218,-7505.052166884416,1.0750840031303553e-46,-0.25,0.0,0.0,-1.775141657998843e-31,0.0,0.0,0.0,2.1571107819072697e-26,1.013661084997539e-42,0.0,0.0,-0.19552764444086546,0.0,0.0,0.0,-3.982918605364357e-46,0.0,0.0,0.0,9.025201896265226e-46,0.0,0.0,2.334403130958782e-28,0.0,0.0,0.0,-3.337781928264451e-58,0.0,0.06496283161487981,0.0,1.9767889740258464e-14,-4.4619337138576683e-61,-0.0031643120066613835,0.0,654.1934329963176,-31854.466161631426,0.0,-31854.464097539647,0.0,4.799967213314118e-07,3.385548744984585e-45,0.0,0.0,0.41382978723404307,69694.62979809675,0.0,0.0,0.0,0.0,-1.066075590731615e-08,1.6479848605337847e-41,1.6661030454871303e-72,-7772.722884276903,82568.77077077981,-1.910931749279294e-07,-1751.4150944720604,6.948483198162222,511.77293695306264
